{
  "policy": {
    "top_k": 5,
    "encrypt_columns": [
      "age",
      "billing_amount_norm",
      "test_results_score",
      "cxr_mean_intensity",
      "cxr_edge_density"
    ],
    "weights": {
      "age": 0.02,
      "billing_amount_norm": 5e-05,
      "test_results_score": 1.0,
      "cxr_mean_intensity": 0.5,
      "cxr_edge_density": 0.1
    },
    "bias": -5.0,
    "notes": "Demo ama\u00e7l\u0131 a\u011f\u0131rl\u0131klar; klinik iddia de\u011fildir. HE alt\u0131nda toplama+plaintext katsay\u0131 ile \u00e7arpma g\u00f6sterimine uygundur."
  },
  "a_value": 66.2423025145888,
  "b_value": 30.401298488441178,
  "a_b_meta": {
    "a_test_results_score": 1.0,
    "b_test_results_score": 0.0,
    "a_patient_id": 17497,
    "b_patient_id": 13032,
    "a_row_index": 93,
    "b_row_index": 25
  },
  "results": [
    {
      "params": {
        "n": 4096,
        "scale": 1099511627776,
        "qi_sizes": [
          60,
          40,
          60
        ]
      },
      "metrics": {
        "sum_good": 6624.2302514588955,
        "sum_bad": 6588.389247432748,
        "mean_good": 66.24230251458896,
        "mean_bad": 65.88389247432748,
        "err_sum_good": 1.546140993013978e-11,
        "err_sum_bad": 1.546140993013978e-11,
        "err_mean_good": 1.5631940186722204e-13,
        "err_mean_bad": 1.5631940186722204e-13,
        "delta_mean": 0.35841004026147516,
        "exp_delta_mean": 0.35841004026147516,
        "elapsed_ms": 0.4317760467529297
      },
      "score": 3.126388037344441e-13
    },
    {
      "params": {
        "n": 4096,
        "scale": 1125899906842624,
        "qi_sizes": [
          60,
          40,
          60
        ]
      },
      "metrics": {
        "sum_good": 6624.2302514588955,
        "sum_bad": 6588.389247432748,
        "mean_good": 66.24230251458896,
        "mean_bad": 65.88389247432748,
        "err_sum_good": 1.546140993013978e-11,
        "err_sum_bad": 1.546140993013978e-11,
        "err_mean_good": 1.5631940186722204e-13,
        "err_mean_bad": 1.5631940186722204e-13,
        "delta_mean": 0.35841004026147516,
        "exp_delta_mean": 0.35841004026147516,
        "elapsed_ms": 0.43845176696777344
      },
      "score": 3.126388037344441e-13
    },
    {
      "params": {
        "n": 8192,
        "scale": 1073741824,
        "qi_sizes": [
          60,
          40,
          40,
          60
        ]
      },
      "metrics": {
        "sum_good": 6624.2302514588955,
        "sum_bad": 6588.389247432748,
        "mean_good": 66.24230251458896,
        "mean_bad": 65.88389247432748,
        "err_sum_good": 1.546140993013978e-11,
        "err_sum_bad": 1.546140993013978e-11,
        "err_mean_good": 1.5631940186722204e-13,
        "err_mean_bad": 1.5631940186722204e-13,
        "delta_mean": 0.35841004026147516,
        "exp_delta_mean": 0.35841004026147516,
        "elapsed_ms": 0.438690185546875
      },
      "score": 3.126388037344441e-13
    },
    {
      "params": {
        "n": 4096,
        "scale": 1073741824,
        "qi_sizes": [
          60,
          40,
          60
        ]
      },
      "metrics": {
        "sum_good": 6624.2302514588955,
        "sum_bad": 6588.389247432748,
        "mean_good": 66.24230251458896,
        "mean_bad": 65.88389247432748,
        "err_sum_good": 1.546140993013978e-11,
        "err_sum_bad": 1.546140993013978e-11,
        "err_mean_good": 1.5631940186722204e-13,
        "err_mean_bad": 1.5631940186722204e-13,
        "delta_mean": 0.35841004026147516,
        "exp_delta_mean": 0.35841004026147516,
        "elapsed_ms": 0.4687309265136719
      },
      "score": 3.126388037344441e-13
    },
    {
      "params": {
        "n": 16384,
        "scale": 1125899906842624,
        "qi_sizes": [
          60,
          40,
          40,
          60
        ]
      },
      "metrics": {
        "sum_good": 6624.2302514588955,
        "sum_bad": 6588.389247432748,
        "mean_good": 66.24230251458896,
        "mean_bad": 65.88389247432748,
        "err_sum_good": 1.546140993013978e-11,
        "err_sum_bad": 1.546140993013978e-11,
        "err_mean_good": 1.5631940186722204e-13,
        "err_mean_bad": 1.5631940186722204e-13,
        "delta_mean": 0.35841004026147516,
        "exp_delta_mean": 0.35841004026147516,
        "elapsed_ms": 0.4818439483642578
      },
      "score": 3.126388037344441e-13
    },
    {
      "params": {
        "n": 8192,
        "scale": 1099511627776,
        "qi_sizes": [
          60,
          40,
          40,
          60
        ]
      },
      "metrics": {
        "sum_good": 6624.2302514588955,
        "sum_bad": 6588.389247432748,
        "mean_good": 66.24230251458896,
        "mean_bad": 65.88389247432748,
        "err_sum_good": 1.546140993013978e-11,
        "err_sum_bad": 1.546140993013978e-11,
        "err_mean_good": 1.5631940186722204e-13,
        "err_mean_bad": 1.5631940186722204e-13,
        "delta_mean": 0.35841004026147516,
        "exp_delta_mean": 0.35841004026147516,
        "elapsed_ms": 0.5769729614257812
      },
      "score": 3.126388037344441e-13
    },
    {
      "params": {
        "n": 16384,
        "scale": 1073741824,
        "qi_sizes": [
          60,
          40,
          40,
          60
        ]
      },
      "metrics": {
        "sum_good": 6624.2302514588955,
        "sum_bad": 6588.389247432748,
        "mean_good": 66.24230251458896,
        "mean_bad": 65.88389247432748,
        "err_sum_good": 1.546140993013978e-11,
        "err_sum_bad": 1.546140993013978e-11,
        "err_mean_good": 1.5631940186722204e-13,
        "err_mean_bad": 1.5631940186722204e-13,
        "delta_mean": 0.35841004026147516,
        "exp_delta_mean": 0.35841004026147516,
        "elapsed_ms": 0.6198883056640625
      },
      "score": 3.126388037344441e-13
    },
    {
      "params": {
        "n": 8192,
        "scale": 1125899906842624,
        "qi_sizes": [
          60,
          40,
          40,
          60
        ]
      },
      "metrics": {
        "sum_good": 6624.2302514588955,
        "sum_bad": 6588.389247432748,
        "mean_good": 66.24230251458896,
        "mean_bad": 65.88389247432748,
        "err_sum_good": 1.546140993013978e-11,
        "err_sum_bad": 1.546140993013978e-11,
        "err_mean_good": 1.5631940186722204e-13,
        "err_mean_bad": 1.5631940186722204e-13,
        "delta_mean": 0.35841004026147516,
        "exp_delta_mean": 0.35841004026147516,
        "elapsed_ms": 0.6358623504638672
      },
      "score": 3.126388037344441e-13
    },
    {
      "params": {
        "n": 16384,
        "scale": 1099511627776,
        "qi_sizes": [
          60,
          40,
          40,
          60
        ]
      },
      "metrics": {
        "sum_good": 6624.2302514588955,
        "sum_bad": 6588.389247432748,
        "mean_good": 66.24230251458896,
        "mean_bad": 65.88389247432748,
        "err_sum_good": 1.546140993013978e-11,
        "err_sum_bad": 1.546140993013978e-11,
        "err_mean_good": 1.5631940186722204e-13,
        "err_mean_bad": 1.5631940186722204e-13,
        "delta_mean": 0.35841004026147516,
        "exp_delta_mean": 0.35841004026147516,
        "elapsed_ms": 0.8132457733154297
      },
      "score": 3.126388037344441e-13
    }
  ],
  "best": {
    "params": {
      "n": 4096,
      "scale": 1099511627776,
      "qi_sizes": [
        60,
        40,
        60
      ]
    },
    "metrics": {
      "sum_good": 6624.2302514588955,
      "sum_bad": 6588.389247432748,
      "mean_good": 66.24230251458896,
      "mean_bad": 65.88389247432748,
      "err_sum_good": 1.546140993013978e-11,
      "err_sum_bad": 1.546140993013978e-11,
      "err_mean_good": 1.5631940186722204e-13,
      "err_mean_bad": 1.5631940186722204e-13,
      "delta_mean": 0.35841004026147516,
      "exp_delta_mean": 0.35841004026147516,
      "elapsed_ms": 0.4317760467529297
    },
    "score": 3.126388037344441e-13
  }
}