image_path,width,height,cxr_mean_intensity,cxr_std_intensity,cxr_edge_density,cxr_entropy
data\covid_ct_cxr\images\cxr_1.jpg,275,218,141.0277862548828,58.2464599609375,0.06902418682235197,7.747365927440586
data\covid_ct_cxr\images\cxr_23.jpg,645,489,157.2104949951172,46.72444534301758,0.023588719265705996,7.359954595487967
data\covid_ct_cxr\images\cxr_25.jpg,325,292,171.8861846923828,79.5511703491211,0.07284510010537408,6.008287784184062
data\covid_ct_cxr\images\cxr_29.jpg,376,393,111.43741607666016,49.60794448852539,0.017798170104488118,7.044740070915616
