configuration,weight_config_name,priority,avg_accuracy,min_accuracy,max_accuracy,avg_time_ms,total_time_ms,avg_max_error,scenario_count
Dengeli Kapsamlı_config,Dengeli Kapsamlı,balanced,0.9999999999995804,0.9999999999987463,0.9999999999998586,688.8099193572998,6888.099193572998,2.0190782379359007e-09,10
Görüntü Odaklı_config,Görüntü Odaklı,accuracy,0.9999999999993197,0.9999999999984674,0.9999999999999232,655.182409286499,6551.82409286499,9.021755431604106e-09,10
Standart_config,Standart,balanced,0.999999999997913,0.9999999999955491,0.9999999999995374,691.2013530731201,6912.013530731201,9.872132977761794e-09,10
Hızlı Değerlendirme_config,Hızlı Değerlendirme,speed,0.9999999999971131,0.9999999999913307,0.9999999999993864,651.8343925476074,6518.343925476074,4.147159415879287e-09,10
Yaş ve Maliyet Odaklı_config,Yaş ve Maliyet Odaklı,accuracy,0.9999999999968605,0.9999999999926217,0.9999999999996884,679.6898603439331,6796.898603439331,9.184270766127156e-09,10
Klinik Ağırlıklı_config,Klinik Ağırlıklı,accuracy,0.9999999999960103,0.9999999999884036,0.9999999999988249,678.8167715072632,6788.167715072632,8.31065563033917e-09,10
