{
  "feature_names": [
    "Age",
    "Gender",
    "BMI",
    "Smoking",
    "CXR_Opacity",
    "Genetic_Marker"
  ],
  "classification": {
    "algorithm": "LogisticRegression",
    "weights": [
      5.270589624630305,
      0.07538389007107221,
      1.9403691549750917,
      4.9850351399834185,
      3.732764302348085,
      2.1794201556427533
    ],
    "bias": 9.066393291952421,
    "classes": [
      0,
      1
    ]
  },
  "regression": {
    "algorithm": "Ridge",
    "weights": [
      1443.9728632878994,
      -6.970421623590804,
      997.1335755698261,
      2199.8539214568195,
      3095.7895091155992,
      -14.20573891503757
    ],
    "bias": 23565.804880407453
  },
  "meta": {
    "train_samples": 1600,
    "test_acc": 0.9975,
    "test_r2": 0.9674126459833924
  }
}